1 Einzelsession	QMEv_7oPyfA	Annie Spratt	ja	https://plus.unsplash.com/premium_photo-1785341678071-e0a16b88fa3c	Bach durch ein felsiges Bergtal
1 Einzelsession	HBp5RtTqHvo	Robert Bahn	nein	https://images.unsplash.com/photo-1638348196917-8e2e7fd2eecc	Kirche auf einem Hügel im Nebel
1 Einzelsession	TBmHA1LOuZU	Manuel Venturini	nein	https://images.unsplash.com/photo-1625472603517-1b0dc72846ab	Kiefern am See
1 Einzelsession	jloWf465qgU	Louis Gaudiau	nein	https://images.unsplash.com/photo-1646167858622-b94eb44d1b7a	Berg mit See in der Mitte
1 Einzelsession	0wTnTOnLIos	Daniel J. Schwarz	nein	https://images.unsplash.com/photo-1581520734619-86fbd0a3d083	See in Bergnähe
1 Einzelsession	tDQxkjeA-pk	Kuno Schweizer	nein	https://images.unsplash.com/photo-1661466188999-b15479ec0ec3	Fluss durch felsiges Gebiet
1 Einzelsession	mh0dxGrc4eA	Janosch Jost	nein	https://images.unsplash.com/photo-1690881286920-0443b0a3de4d	Fluss durch grünes Tal
1 Einzelsession	szjOt_FzaXg	Daniel Seßler	nein	https://images.unsplash.com/photo-1568824626273-63a1e56a7fc5	Gewässer bei Bäumen
1 Einzelsession	qUt6glf40gQ	Krisztina Varsányi	nein	https://images.unsplash.com/photo-1783192581621-e17efe15a0a0	Klargrüner Fluss im dichten Wald
1 Einzelsession	t6ehR6-ODmc	David Heilbron	nein	https://images.unsplash.com/photo-1780001051177-33b74bd13e5e	Felsiger Fluss in bewaldeter Schlucht
1 Einzelsession	FW0oG58ITRk	Ales Krivec	ja	https://plus.unsplash.com/premium_photo-1786035649750-15c15075ca9f	Alpensee Triglav
1 Einzelsession	pJ7v5-TOMzc	Paolo Bici	nein	https://images.unsplash.com/photo-1777619559354-3d83f504e58d	Berge über ruhigem See
1 Einzelsession	-EHRvN8QSqU	Leandra Rieger	ja	https://plus.unsplash.com/premium_photo-1764768999344-3822737be113	Ruhiger See spiegelt Berge
1 Einzelsession	OJv3u1vqESY	Henry Möllers	nein	https://images.unsplash.com/photo-1768519456065-786f001a1662	Boot auf einem See mit Bergen
2 Sechs Wochen	FT4mC7Crd7w	Sofia Gerasimenko	ja	https://plus.unsplash.com/premium_photo-1749846962063-fa41b2ec785d	Berge über ländlicher Landschaft
2 Sechs Wochen	3Ftwkr3IOHI	waa towaw	nein	https://images.unsplash.com/photo-1775122740007-94f21f9c65c0	Gebirgskette mit grünen Tälern
2 Sechs Wochen	7xjJPLG-xTw	Artem Stoliar	nein	https://images.unsplash.com/photo-1707141726791-a2a541ee6d24	Nebliger Pfad im Wald
2 Sechs Wochen	1pndCtkqmiQ	Hans	ja	https://plus.unsplash.com/premium_photo-1664005877670-d46cea0ed512	Hügel mit Gras und Blumen
2 Sechs Wochen	tBSY1FgEHkQ	Alex Rainer	nein	https://images.unsplash.com/photo-1602257081665-ef8fb4df42e5	Silhouette des Berges bei Sonnenuntergang
2 Sechs Wochen	BImL-nrv8lw	Daniel J. Schwarz	nein	https://images.unsplash.com/photo-1566934078928-c2ae243909ae	Schneebedeckter Berg
2 Sechs Wochen	eH62Cj9nnsQ	Mattia Bericchia	nein	https://images.unsplash.com/photo-1596092523343-9e6634b5a9a2	Bäume auf grünem Feld
2 Sechs Wochen	zBUhvjvwpMQ	kai muro	nein	https://images.unsplash.com/photo-1760457630045-50664793814d	Hütte mit Kühen und Bergen
2 Sechs Wochen	Q_ya1tg6wU8	Patrick Federi	nein	https://images.unsplash.com/photo-1729010733852-7cf3b383660d	Feldweg mitten im Feld
2 Sechs Wochen	Ju2NFfjoz7E	Daniel Mirlea	ja	https://plus.unsplash.com/premium_photo-1676139292683-162b5908abe2	Berg in Nebel und Wolken
2 Sechs Wochen	tBPVJo8Lfv8	Daniel Seßler	nein	https://images.unsplash.com/photo-1608395992111-a536e0a0bafc	Berg neben dem Gewässer
2 Sechs Wochen	F8QDoWjZnsA	Daniel J. Schwarz	nein	https://images.unsplash.com/photo-1543517515-d6ff15a98642	Straße an Kiefern vorbei
2 Sechs Wochen	k2ZRhUUbpVc	Daniel Seßler	nein	https://images.unsplash.com/photo-1607025820719-24488b2aa882	Kiefern vor Bergen
2 Sechs Wochen	WS21-ExEDE8	daniel plan	nein	https://images.unsplash.com/photo-1533831674398-ebac0baaeec4	Weg zwischen Bäumen am Berg
3 Dreizehn Wochen	CJSeUcciReQ	Ruben Vermeulen	nein	https://images.unsplash.com/photo-1662988125424-7516bd231476	Gebirgszug mit Wolken
3 Dreizehn Wochen	ICSRhjP1UBU	Riccardo Cervia	nein	https://images.unsplash.com/photo-1681210994962-f1483b0b569d	Bergkette mit Haus auf der Spitze
3 Dreizehn Wochen	hOhlYhAiizc	Daniela Kokina	nein	https://images.unsplash.com/photo-1615729947596-a598e5de0ab3	Seceda bei Ortisei
3 Dreizehn Wochen	NHTJskIcQEs	Giovanni Nicolini	nein	https://images.unsplash.com/photo-1631045603628-7ea89c855daf	Grüner und grauer Berg
3 Dreizehn Wochen	SRJkK4rtZvs	Jan Valečka	nein	https://images.unsplash.com/photo-1623228676065-7d44db19768b	Drei Zinnen unter Sternen
3 Dreizehn Wochen	gJHR0yPQQ2M	Zongnan Bao	nein	https://images.unsplash.com/photo-1606313695934-9f1e08d020d5	Schneebedeckter Berg
3 Dreizehn Wochen	tlbUJKfHhEw	Karsten Würth	nein	https://images.unsplash.com/photo-1474140214938-f0295cf3d18e	Luftaufnahme von Bergen
3 Dreizehn Wochen	IYV4jh-x5Y0	Chanbora Chhun	nein	https://images.unsplash.com/photo-1691398691757-2dcc8780ea4f	Wolkenverhangener Berg
3 Dreizehn Wochen	BVzKm9EAkoE	Anjith Paul	nein	https://images.unsplash.com/photo-1786104906202-7f87883cb094	Holzhütten unter zerklüfteten Gipfeln
3 Dreizehn Wochen	8hAtswe7xR8	Alexandros Giannakakis	ja	https://plus.unsplash.com/premium_photo-1669991406391-aba0cd13a391	Schneebedeckter Berg
3 Dreizehn Wochen	XlIpZd0IySU	Gantas Vaičiulėnas	ja	https://plus.unsplash.com/premium_photo-1724175868230-319628aeee45	Blick von einem Gipfel
